model,seed,sigma_rel,region,n_train,n_steps,mse_vanilla,mse_dml,log_ratio,dml_win,grad_mse_vanilla,grad_mse_dml,log_grad_ratio,t_vanilla,t_dml,arm
siren,1,0.0,interpolation,24,1600,0.226601243019104,0.226601243019104,0.0,0,102.56230163574219,102.56230163574219,0.0,3.406702995300293,3.406702995300293,vanilla
siren,1,0.0,interpolation,24,1600,0.226601243019104,0.22263124585151672,-0.01767503740251731,1,102.56230163574219,89.54792785644531,-0.13569644604255612,3.406702995300293,10.029365539550781,dml_train
siren,1,0.0,interpolation,24,1600,0.226601243019104,0.14758796989917755,-0.42876743000350076,1,102.56230163574219,54.5370979309082,-0.6315892686859695,3.406702995300293,11.159655332565308,dml_da
siren,1,0.0,near_extrap,24,1600,1.3369128704071045,1.3369128704071045,0.0,0,152.1515655517578,152.1515655517578,0.0,3.406702995300293,3.406702995300293,vanilla
siren,1,0.0,near_extrap,24,1600,1.3369128704071045,1.2265276908874512,-0.08617596639143525,1,152.1515655517578,141.4127960205078,-0.07319392125595225,3.406702995300293,10.029365539550781,dml_train
siren,1,0.0,near_extrap,24,1600,1.3369128704071045,0.7617286443710327,-0.5625280244804873,1,152.1515655517578,100.93098449707031,-0.41044020435920353,3.406702995300293,11.159655332565308,dml_da
siren,1,0.0,far_extrap,24,1600,0.964023232460022,0.964023232460022,0.0,0,184.30885314941406,184.30885314941406,0.0,3.406702995300293,3.406702995300293,vanilla
siren,1,0.0,far_extrap,24,1600,0.964023232460022,1.0543930530548096,0.08960518081492914,0,184.30885314941406,170.53009033203125,-0.07770113610583175,3.406702995300293,10.029365539550781,dml_train
siren,1,0.0,far_extrap,24,1600,0.964023232460022,0.8450008034706116,-0.13177781617289067,1,184.30885314941406,139.8078155517578,-0.2763441666725549,3.406702995300293,11.159655332565308,dml_da
siren,1,0.0,all,24,1600,0.7803641557693481,0.7803641557693481,0.0,0,151.70045471191406,151.70045471191406,0.0,3.406702995300293,3.406702995300293,vanilla
siren,1,0.0,all,24,1600,0.7803641557693481,0.8058282732963562,0.0321099822732735,0,151.70045471191406,138.6831512451172,-0.08971604009264504,3.406702995300293,10.029365539550781,dml_train
siren,1,0.0,all,24,1600,0.7803641557693481,0.598651111125946,-0.26508170089257516,1,151.70045471191406,104.9047622680664,-0.3688549712496439,3.406702995300293,11.159655332565308,dml_da
siren,1,0.005,interpolation,24,1600,0.226601243019104,0.226601243019104,0.0,0,102.56230163574219,102.56230163574219,0.0,3.406702995300293,3.406702995300293,vanilla
siren,1,0.005,interpolation,24,1600,0.226601243019104,0.21716104447841644,-0.04255261535612135,1,102.56230163574219,86.90093994140625,-0.1657015861970519,3.406702995300293,10.23293161392212,dml_train
siren,1,0.005,interpolation,24,1600,0.226601243019104,0.12336583435535431,-0.6080376300455012,1,102.56230163574219,63.472900390625,-0.479857385460342,3.406702995300293,9.093112230300903,dml_da
siren,1,0.005,near_extrap,24,1600,1.3369128704071045,1.3369128704071045,0.0,0,152.1515655517578,152.1515655517578,0.0,3.406702995300293,3.406702995300293,vanilla
siren,1,0.005,near_extrap,24,1600,1.3369128704071045,1.1938873529434204,-0.11314846176234397,1,152.1515655517578,139.36134338378906,-0.08780701309525331,3.406702995300293,10.23293161392212,dml_train
siren,1,0.005,near_extrap,24,1600,1.3369128704071045,1.0348446369171143,-0.2561118218225786,1,152.1515655517578,119.6751937866211,-0.24009581126721574,3.406702995300293,9.093112230300903,dml_da
siren,1,0.005,far_extrap,24,1600,0.964023232460022,0.964023232460022,0.0,0,184.30885314941406,184.30885314941406,0.0,3.406702995300293,3.406702995300293,vanilla
siren,1,0.005,far_extrap,24,1600,0.964023232460022,1.0340425968170166,0.0701158559854144,0,184.30885314941406,165.07931518554688,-0.11018684364745764,3.406702995300293,10.23293161392212,dml_train
siren,1,0.005,far_extrap,24,1600,0.964023232460022,0.832392156124115,-0.14681172311237817,1,184.30885314941406,140.1255340576172,-0.27407420746455924,3.406702995300293,9.093112230300903,dml_da
siren,1,0.005,all,24,1600,0.7803641557693481,0.7803641557693481,0.0,0,151.70045471191406,151.70045471191406,0.0,3.406702995300293,3.406702995300293,vanilla
siren,1,0.005,all,24,1600,0.7803641557693481,0.7883895635604858,0.01023166059150639,0,151.70045471191406,134.73353576660156,-0.11860886501792631,3.406702995300293,10.23293161392212,dml_train
siren,1,0.005,all,24,1600,0.7803641557693481,0.6297921538352966,-0.21437082670174723,1,151.70045471191406,111.166259765625,-0.31088096739011367,3.406702995300293,9.093112230300903,dml_da
siren,1,0.01,interpolation,24,1600,0.226601243019104,0.226601243019104,0.0,0,102.56230163574219,102.56230163574219,0.0,3.406702995300293,3.406702995300293,vanilla
siren,1,0.01,interpolation,24,1600,0.226601243019104,0.21899761259555817,-0.034131005733126,1,102.56230163574219,71.58492279052734,-0.35958595852554415,3.406702995300293,10.203418254852295,dml_train
siren,1,0.01,interpolation,24,1600,0.226601243019104,0.11491258442401886,-0.6790201302295583,1,102.56230163574219,55.20343780517578,-0.619445204343646,3.406702995300293,11.749485969543457,dml_da
siren,1,0.01,near_extrap,24,1600,1.3369128704071045,1.3369128704071045,0.0,0,152.1515655517578,152.1515655517578,0.0,3.406702995300293,3.406702995300293,vanilla
siren,1,0.01,near_extrap,24,1600,1.3369128704071045,1.1855628490447998,-0.1201454880959797,1,152.1515655517578,139.51364135742188,-0.08671478182958632,3.406702995300293,10.203418254852295,dml_train
siren,1,0.01,near_extrap,24,1600,1.3369128704071045,1.0307953357696533,-0.2600324530922455,1,152.1515655517578,126.44961547851562,-0.18503323360463428,3.406702995300293,11.749485969543457,dml_da
siren,1,0.01,far_extrap,24,1600,0.964023232460022,0.964023232460022,0.0,0,184.30885314941406,184.30885314941406,0.0,3.406702995300293,3.406702995300293,vanilla
siren,1,0.01,far_extrap,24,1600,0.964023232460022,1.4164334535598755,0.3847819442998603,0,184.30885314941406,213.65142822265625,0.14773294679459167,3.406702995300293,10.203418254852295,dml_train
siren,1,0.01,far_extrap,24,1600,0.964023232460022,0.9475188255310059,-0.017268588988897497,1,184.30885314941406,147.07675170898438,-0.2256583291533925,3.406702995300293,11.749485969543457,dml_da
siren,1,0.01,all,24,1600,0.7803641557693481,0.7803641557693481,0.0,0,151.70045471191406,151.70045471191406,0.0,3.406702995300293,3.406702995300293,vanilla
siren,1,0.01,all,24,1600,0.7803641557693481,0.9788098335266113,0.22657670092433024,0,151.70045471191406,153.93963623046875,0.014652669251144876,3.406702995300293,10.203418254852295,dml_train
siren,1,0.01,all,24,1600,0.7803641557693481,0.6838628053665161,-0.1320033565516346,1,151.70045471191406,113.01445007324219,-0.2943921965005871,3.406702995300293,11.749485969543457,dml_da
siren,1,0.025,interpolation,24,1600,0.226601243019104,0.226601243019104,0.0,0,102.56230163574219,102.56230163574219,0.0,3.406702995300293,3.406702995300293,vanilla
siren,1,0.025,interpolation,24,1600,0.226601243019104,0.16014976799488068,-0.347082406719807,1,102.56230163574219,47.56671905517578,-0.7683370975824324,3.406702995300293,10.51506233215332,dml_train
siren,1,0.025,interpolation,24,1600,0.226601243019104,0.11794460564851761,-0.6529767635141969,1,102.56230163574219,51.00339889526367,-0.6985781592578895,3.406702995300293,9.56440544128418,dml_da
siren,1,0.025,near_extrap,24,1600,1.3369128704071045,1.3369128704071045,0.0,0,152.1515655517578,152.1515655517578,0.0,3.406702995300293,3.406702995300293,vanilla
siren,1,0.025,near_extrap,24,1600,1.3369128704071045,1.1211862564086914,-0.17597584571036634,1,152.1515655517578,121.62220001220703,-0.2239576470597174,3.406702995300293,10.51506233215332,dml_train
siren,1,0.025,near_extrap,24,1600,1.3369128704071045,0.9483233690261841,-0.34342285633659125,1,152.1515655517578,118.37096405029297,-0.2510537095056101,3.406702995300293,9.56440544128418,dml_da
siren,1,0.025,far_extrap,24,1600,0.964023232460022,0.964023232460022,0.0,0,184.30885314941406,184.30885314941406,0.0,3.406702995300293,3.406702995300293,vanilla
siren,1,0.025,far_extrap,24,1600,0.964023232460022,1.2132983207702637,0.22998242065588795,0,184.30885314941406,201.11007690429688,0.08723950430166284,3.406702995300293,10.51506233215332,dml_train
siren,1,0.025,far_extrap,24,1600,0.964023232460022,0.84353107213974,-0.13351865592045128,1,184.30885314941406,136.07276916503906,-0.30342309011541313,3.406702995300293,9.56440544128418,dml_da
siren,1,0.025,all,24,1600,0.7803641557693481,0.7803641557693481,0.0,0,151.70045471191406,151.70045471191406,0.0,3.406702995300293,3.406702995300293,vanilla
siren,1,0.025,all,24,1600,0.7803641557693481,0.846896767616272,0.08181813008966549,0,151.70045471191406,136.68096923828125,-0.10425836527421015,3.406702995300293,10.51506233215332,dml_train
siren,1,0.025,all,24,1600,0.7803641557693481,0.619134247303009,-0.231438550225537,1,151.70045471191406,104.7660140991211,-0.3701784574464529,3.406702995300293,9.56440544128418,dml_da
siren,1,0.05,interpolation,24,1600,0.226601243019104,0.226601243019104,0.0,0,102.56230163574219,102.56230163574219,0.0,3.406702995300293,3.406702995300293,vanilla
siren,1,0.05,interpolation,24,1600,0.226601243019104,0.21497829258441925,-0.05265477579331033,1,102.56230163574219,87.66799926757812,-0.1569134906017281,3.406702995300293,9.88379693031311,dml_train
siren,1,0.05,interpolation,24,1600,0.226601243019104,0.12672698497772217,-0.5811567862010969,1,102.56230163574219,55.87819290161133,-0.6072962398126099,3.406702995300293,11.339651107788086,dml_da
siren,1,0.05,near_extrap,24,1600,1.3369128704071045,1.3369128704071045,0.0,0,152.1515655517578,152.1515655517578,0.0,3.406702995300293,3.406702995300293,vanilla
siren,1,0.05,near_extrap,24,1600,1.3369128704071045,1.2282156944274902,-0.08480066678480286,1,152.1515655517578,135.32229614257812,-0.1172178538074494,3.406702995300293,9.88379693031311,dml_train
siren,1,0.05,near_extrap,24,1600,1.3369128704071045,0.851267397403717,-0.4513921122621501,1,152.1515655517578,116.17738342285156,-0.2697589752597617,3.406702995300293,11.339651107788086,dml_da
siren,1,0.05,far_extrap,24,1600,0.964023232460022,0.964023232460022,0.0,0,184.30885314941406,184.30885314941406,0.0,3.406702995300293,3.406702995300293,vanilla
siren,1,0.05,far_extrap,24,1600,0.964023232460022,1.0536370277404785,0.08888789945008267,0,184.30885314941406,169.66278076171875,-0.08280007569639429,3.406702995300293,9.88379693031311,dml_train
siren,1,0.05,far_extrap,24,1600,0.964023232460022,0.8877481818199158,-0.08242727063800027,1,184.30885314941406,147.68019104003906,-0.22156383578217412,3.406702995300293,11.339651107788086,dml_da
siren,1,0.05,all,24,1600,0.7803641557693481,0.7803641557693481,0.0,0,151.70045471191406,151.70045471191406,0.0,3.406702995300293,3.406702995300293,vanilla
siren,1,0.05,all,24,1600,0.7803641557693481,0.8031805157661438,0.02881881327754477,0,151.70045471191406,136.6077880859375,-0.10479392447400625,3.406702995300293,9.88379693031311,dml_train
siren,1,0.05,all,24,1600,0.7803641557693481,0.6279943585395813,-0.21722949389577847,1,151.70045471191406,111.82906341552734,-0.3049363978602504,3.406702995300293,11.339651107788086,dml_da
siren,1,0.075,interpolation,24,1600,0.226601243019104,0.226601243019104,0.0,0,102.56230163574219,102.56230163574219,0.0,3.406702995300293,3.406702995300293,vanilla
siren,1,0.075,interpolation,24,1600,0.226601243019104,0.21031685173511505,-0.07457662271822334,1,102.56230163574219,86.61824035644531,-0.16896001370463148,3.406702995300293,10.735641241073608,dml_train
siren,1,0.075,interpolation,24,1600,0.226601243019104,0.10603086650371552,-0.7594615889452939,1,102.56230163574219,50.169921875,-0.7150547534772578,3.406702995300293,9.939998865127563,dml_da
siren,1,0.075,near_extrap,24,1600,1.3369128704071045,1.3369128704071045,0.0,0,152.1515655517578,152.1515655517578,0.0,3.406702995300293,3.406702995300293,vanilla
siren,1,0.075,near_extrap,24,1600,1.3369128704071045,1.2391849756240845,-0.07590924222082879,1,152.1515655517578,140.62551879882812,-0.07877670363053006,3.406702995300293,10.735641241073608,dml_train
siren,1,0.075,near_extrap,24,1600,1.3369128704071045,1.1589041948318481,-0.14288822899510994,1,152.1515655517578,145.75538635253906,-0.04294738516416433,3.406702995300293,9.939998865127563,dml_da
siren,1,0.075,far_extrap,24,1600,0.964023232460022,0.964023232460022,0.0,0,184.30885314941406,184.30885314941406,0.0,3.406702995300293,3.406702995300293,vanilla
siren,1,0.075,far_extrap,24,1600,0.964023232460022,1.0392236709594727,0.07511384877410517,0,184.30885314941406,168.55812072753906,-0.08933227969248778,3.406702995300293,10.735641241073608,dml_train
siren,1,0.075,far_extrap,24,1600,0.964023232460022,0.9447342753410339,-0.02021169654532551,1,184.30885314941406,145.3037567138672,-0.23778647502329353,3.406702995300293,9.939998865127563,dml_da
siren,1,0.075,all,24,1600,0.7803641557693481,0.7803641557693481,0.0,0,151.70045471191406,151.70045471191406,0.0,3.406702995300293,3.406702995300293,vanilla
siren,1,0.075,all,24,1600,0.7803641557693481,0.7962482571601868,0.0201503409677645,0,151.70045471191406,136.5894012451172,-0.10492852937893293,3.406702995300293,10.735641241073608,dml_train
siren,1,0.075,all,24,1600,0.7803641557693481,0.7008615136146545,-0.10745036505971191,1,151.70045471191406,113.66773223876953,-0.2886283206856524,3.406702995300293,9.939998865127563,dml_da
siren,1,0.1,interpolation,24,1600,0.226601243019104,0.226601243019104,0.0,0,102.56230163574219,102.56230163574219,0.0,3.406702995300293,3.406702995300293,vanilla
siren,1,0.1,interpolation,24,1600,0.226601243019104,0.1980956643819809,-0.1344417666422214,1,102.56230163574219,83.61439514160156,-0.2042547388101509,3.406702995300293,10.72909164428711,dml_train
siren,1,0.1,interpolation,24,1600,0.226601243019104,0.10287195444107056,-0.7897067800020873,1,102.56230163574219,50.84651184082031,-0.7016589116590363,3.406702995300293,11.238232851028442,dml_da
siren,1,0.1,near_extrap,24,1600,1.3369128704071045,1.3369128704071045,0.0,0,152.1515655517578,152.1515655517578,0.0,3.406702995300293,3.406702995300293,vanilla
siren,1,0.1,near_extrap,24,1600,1.3369128704071045,1.2400051355361938,-0.0752476068437458,1,152.1515655517578,140.03045654296875,-0.08301722013358477,3.406702995300293,10.72909164428711,dml_train
siren,1,0.1,near_extrap,24,1600,1.3369128704071045,1.2184733152389526,-0.09276443385103328,1,152.1515655517578,155.878173828125,0.024197599341671684,3.406702995300293,11.238232851028442,dml_da
siren,1,0.1,far_extrap,24,1600,0.964023232460022,0.964023232460022,0.0,0,184.30885314941406,184.30885314941406,0.0,3.406702995300293,3.406702995300293,vanilla
siren,1,0.1,far_extrap,24,1600,0.964023232460022,1.0596871376037598,0.09461359595342574,0,184.30885314941406,172.4182891845703,-0.06668946178367954,3.406702995300293,10.72909164428711,dml_train
siren,1,0.1,far_extrap,24,1600,0.964023232460022,0.941353440284729,-0.023796724589662116,1,184.30885314941406,148.39564514160156,-0.21673091524824692,3.406702995300293,11.238232851028442,dml_da
siren,1,0.1,all,24,1600,0.7803641557693481,0.7803641557693481,0.0,0,151.70045471191406,151.70045471191406,0.0,3.406702995300293,3.406702995300293,vanilla
siren,1,0.1,all,24,1600,0.7803641557693481,0.8025429844856262,0.028024739685276346,0,151.70045471191406,137.41900634765625,-0.09887318498445351,3.406702995300293,10.72909164428711,dml_train
siren,1,0.1,all,24,1600,0.7803641557693481,0.7080462574958801,-0.09725125010078978,1,151.70045471191406,117.1263656616211,-0.2586544834367098,3.406702995300293,11.238232851028442,dml_da
siren,1,0.15,interpolation,24,1600,0.226601243019104,0.226601243019104,0.0,0,102.56230163574219,102.56230163574219,0.0,3.406702995300293,3.406702995300293,vanilla
siren,1,0.15,interpolation,24,1600,0.226601243019104,0.1940922886133194,-0.1548580736513573,1,102.56230163574219,85.81824493408203,-0.17823880595914432,3.406702995300293,10.710983037948608,dml_train
siren,1,0.15,interpolation,24,1600,0.226601243019104,0.1205509752035141,-0.6311191398870691,1,102.56230163574219,59.395320892333984,-0.546254984357181,3.406702995300293,10.770749568939209,dml_da
siren,1,0.15,near_extrap,24,1600,1.3369128704071045,1.3369128704071045,0.0,0,152.1515655517578,152.1515655517578,0.0,3.406702995300293,3.406702995300293,vanilla
siren,1,0.15,near_extrap,24,1600,1.3369128704071045,1.2342467308044434,-0.07990227859068343,1,152.1515655517578,133.51048278808594,-0.1306971683037686,3.406702995300293,10.710983037948608,dml_train
siren,1,0.15,near_extrap,24,1600,1.3369128704071045,1.090010643005371,-0.204175667595068,1,152.1515655517578,169.85968017578125,0.11009551966203786,3.406702995300293,10.770749568939209,dml_da
siren,1,0.15,far_extrap,24,1600,0.964023232460022,0.964023232460022,0.0,0,184.30885314941406,184.30885314941406,0.0,3.406702995300293,3.406702995300293,vanilla
siren,1,0.15,far_extrap,24,1600,0.964023232460022,1.057620882987976,0.09266182015923241,0,184.30885314941406,174.906982421875,-0.052358596549912435,3.406702995300293,10.710983037948608,dml_train
siren,1,0.15,far_extrap,24,1600,0.964023232460022,0.8815072774887085,-0.0894821367774172,1,184.30885314941406,149.40182495117188,-0.20997341231787903,3.406702995300293,10.770749568939209,dml_da
siren,1,0.15,all,24,1600,0.7803641557693481,0.7803641557693481,0.0,0,151.70045471191406,151.70045471191406,0.0,3.406702995300293,3.406702995300293,vanilla
siren,1,0.15,all,24,1600,0.7803641557693481,0.7992156744003296,0.02387016264864335,0,151.70045471191406,138.31130981445312,-0.09240087106438538,3.406702995300293,10.710983037948608,dml_train
siren,1,0.15,all,24,1600,0.7803641557693481,0.6626057028770447,-0.16358058046049195,1,151.70045471191406,122.80929565429688,-0.21127517343305716,3.406702995300293,10.770749568939209,dml_da
siren,1,0.2,interpolation,24,1600,0.226601243019104,0.226601243019104,0.0,0,102.56230163574219,102.56230163574219,0.0,3.406702995300293,3.406702995300293,vanilla
siren,1,0.2,interpolation,24,1600,0.226601243019104,0.18806800246238708,-0.1863882214478295,1,102.56230163574219,86.55171203613281,-0.16972837244893288,3.406702995300293,9.240565538406372,dml_train
siren,1,0.2,interpolation,24,1600,0.226601243019104,0.13513189554214478,-0.5169405286035332,1,102.56230163574219,53.208946228027344,-0.6562438903758164,3.406702995300293,10.356906414031982,dml_da
siren,1,0.2,near_extrap,24,1600,1.3369128704071045,1.3369128704071045,0.0,0,152.1515655517578,152.1515655517578,0.0,3.406702995300293,3.406702995300293,vanilla
siren,1,0.2,near_extrap,24,1600,1.3369128704071045,1.2018760442733765,-0.10647942178282803,1,152.1515655517578,130.81881713867188,-0.15106387522610365,3.406702995300293,9.240565538406372,dml_train
siren,1,0.2,near_extrap,24,1600,1.3369128704071045,1.0654046535491943,-0.2270084446331011,1,152.1515655517578,154.4475555419922,0.014977426564185664,3.406702995300293,10.356906414031982,dml_da
siren,1,0.2,far_extrap,24,1600,0.964023232460022,0.964023232460022,0.0,0,184.30885314941406,184.30885314941406,0.0,3.406702995300293,3.406702995300293,vanilla
siren,1,0.2,far_extrap,24,1600,0.964023232460022,1.0828310251235962,0.11621881562882146,0,184.30885314941406,177.84657287597656,-0.035691671679442497,3.406702995300293,9.240565538406372,dml_train
siren,1,0.2,far_extrap,24,1600,0.964023232460022,0.8803617358207703,-0.09078250794088874,1,184.30885314941406,137.86192321777344,-0.2903602722703746,3.406702995300293,10.356906414031982,dml_da
siren,1,0.2,all,24,1600,0.7803641557693481,0.7803641557693481,0.0,0,151.70045471191406,151.70045471191406,0.0,3.406702995300293,3.406702995300293,vanilla
siren,1,0.2,all,24,1600,0.7803641557693481,0.8044175505638123,0.030357798758722725,0,151.70045471191406,139.57701110839844,-0.08329138389813792,3.406702995300293,9.240565538406372,dml_train
siren,1,0.2,all,24,1600,0.7803641557693481,0.6627922654151917,-0.16329906118274698,1,151.70045471191406,112.40853881835938,-0.29976798108272024,3.406702995300293,10.356906414031982,dml_da
siren,1,0.3,interpolation,24,1600,0.226601243019104,0.226601243019104,0.0,0,102.56230163574219,102.56230163574219,0.0,3.406702995300293,3.406702995300293,vanilla
siren,1,0.3,interpolation,24,1600,0.226601243019104,0.16054803133010864,-0.34459867567578933,1,102.56230163574219,77.06370544433594,-0.2858380115400112,3.406702995300293,10.147598505020142,dml_train
siren,1,0.3,interpolation,24,1600,0.226601243019104,0.11899885535240173,-0.6440779599221738,1,102.56230163574219,65.9561538696289,-0.44148024881741577,3.406702995300293,10.452426195144653,dml_da
siren,1,0.3,near_extrap,24,1600,1.3369128704071045,1.3369128704071045,0.0,0,152.1515655517578,152.1515655517578,0.0,3.406702995300293,3.406702995300293,vanilla
siren,1,0.3,near_extrap,24,1600,1.3369128704071045,1.2782409191131592,-0.04487827721638181,1,152.1515655517578,124.08275604248047,-0.20392843537808553,3.406702995300293,10.147598505020142,dml_train
siren,1,0.3,near_extrap,24,1600,1.3369128704071045,1.1566877365112305,-0.1448026068848673,1,152.1515655517578,170.34140014648438,0.11292749357699036,3.406702995300293,10.452426195144653,dml_da
siren,1,0.3,far_extrap,24,1600,0.964023232460022,0.964023232460022,0.0,0,184.30885314941406,184.30885314941406,0.0,3.406702995300293,3.406702995300293,vanilla
siren,1,0.3,far_extrap,24,1600,0.964023232460022,1.1061508655548096,0.1375261848664428,0,184.30885314941406,192.14622497558594,0.04164377043705118,3.406702995300293,10.147598505020142,dml_train
siren,1,0.3,far_extrap,24,1600,0.964023232460022,0.9924634695053101,0.02907481095779259,0,184.30885314941406,153.27296447753906,-0.18439248678210945,3.406702995300293,10.452426195144653,dml_da
siren,1,0.3,all,24,1600,0.7803641557693481,0.7803641557693481,0.0,0,151.70045471191406,151.70045471191406,0.0,3.406702995300293,3.406702995300293,vanilla
siren,1,0.3,all,24,1600,0.7803641557693481,0.8196315765380859,0.04909426528302751,0,151.70045471191406,142.4414825439453,-0.06297661723677614,3.406702995300293,10.147598505020142,dml_train
siren,1,0.3,all,24,1600,0.7803641557693481,0.7286792993545532,-0.06852696047116937,1,151.70045471191406,127.01209259033203,-0.1776255846193223,3.406702995300293,10.452426195144653,dml_da
siren,1,0.4,interpolation,24,1600,0.226601243019104,0.226601243019104,0.0,0,102.56230163574219,102.56230163574219,0.0,3.406702995300293,3.406702995300293,vanilla
siren,1,0.4,interpolation,24,1600,0.226601243019104,0.1395827680826187,-0.48453408919445234,1,102.56230163574219,65.00257873535156,-0.4560434928064527,3.406702995300293,10.881963014602661,dml_train
siren,1,0.4,interpolation,24,1600,0.226601243019104,0.1156482920050621,-0.6726382141865591,1,102.56230163574219,81.49942016601562,-0.2298745290726126,3.406702995300293,10.681504011154175,dml_da
siren,1,0.4,near_extrap,24,1600,1.3369128704071045,1.3369128704071045,0.0,0,152.1515655517578,152.1515655517578,0.0,3.406702995300293,3.406702995300293,vanilla
siren,1,0.4,near_extrap,24,1600,1.3369128704071045,1.3241186141967773,-0.009616086749572681,1,152.1515655517578,142.2930145263672,-0.06698875169317099,3.406702995300293,10.881963014602661,dml_train
siren,1,0.4,near_extrap,24,1600,1.3369128704071045,1.1912426948547363,-0.1153660843820929,1,152.1515655517578,203.57015991210938,0.2911335457988073,3.406702995300293,10.681504011154175,dml_da
siren,1,0.4,far_extrap,24,1600,0.964023232460022,0.964023232460022,0.0,0,184.30885314941406,184.30885314941406,0.0,3.406702995300293,3.406702995300293,vanilla
siren,1,0.4,far_extrap,24,1600,0.964023232460022,1.0977882146835327,0.12993732628090604,0,184.30885314941406,182.37054443359375,-0.010572324395353485,3.406702995300293,10.881963014602661,dml_train
siren,1,0.4,far_extrap,24,1600,0.964023232460022,0.991088330745697,0.027688268917652768,0,184.30885314941406,155.40316772460938,-0.17059007808990953,3.406702995300293,10.681504011154175,dml_da
siren,1,0.4,all,24,1600,0.7803641557693481,0.7803641557693481,0.0,0,151.70045471191406,151.70045471191406,0.0,3.406702995300293,3.406702995300293,vanilla
siren,1,0.4,all,24,1600,0.7803641557693481,0.8161081075668335,0.04478615384565152,0,151.70045471191406,136.5683135986328,-0.10508292843398681,3.406702995300293,10.881963014602661,dml_train
siren,1,0.4,all,24,1600,0.7803641557693481,0.7326340675354004,-0.06311432561055808,1,151.70045471191406,138.79641723632812,-0.08889964847057549,3.406702995300293,10.681504011154175,dml_da
siren,1,0.6,interpolation,24,1600,0.226601243019104,0.226601243019104,0.0,0,102.56230163574219,102.56230163574219,0.0,3.406702995300293,3.406702995300293,vanilla
siren,1,0.6,interpolation,24,1600,0.226601243019104,0.17018817365169525,-0.28628710538264807,1,102.56230163574219,72.87395477294922,-0.3417391329371683,3.406702995300293,10.903740644454956,dml_train
siren,1,0.6,interpolation,24,1600,0.226601243019104,0.1528075784444809,-0.39401236144779467,1,102.56230163574219,89.4262466430664,-0.13705620906387211,3.406702995300293,8.36188292503357,dml_da
siren,1,0.6,near_extrap,24,1600,1.3369128704071045,1.3369128704071045,0.0,0,152.1515655517578,152.1515655517578,0.0,3.406702995300293,3.406702995300293,vanilla
siren,1,0.6,near_extrap,24,1600,1.3369128704071045,1.3217865228652954,-0.011378880058159927,1,152.1515655517578,105.82505798339844,-0.3630898314939092,3.406702995300293,10.903740644454956,dml_train
siren,1,0.6,near_extrap,24,1600,1.3369128704071045,1.0511893033981323,-0.24044093492772928,1,152.1515655517578,245.16957092285156,0.47707293153303904,3.406702995300293,8.36188292503357,dml_da
siren,1,0.6,far_extrap,24,1600,0.964023232460022,0.964023232460022,0.0,0,184.30885314941406,184.30885314941406,0.0,3.406702995300293,3.406702995300293,vanilla
siren,1,0.6,far_extrap,24,1600,0.964023232460022,1.083355188369751,0.11670276594954636,0,184.30885314941406,167.42062377929688,-0.0961035490839682,3.406702995300293,10.903740644454956,dml_train
siren,1,0.6,far_extrap,24,1600,0.964023232460022,1.1023136377334595,0.1340511625809628,0,184.30885314941406,191.19549560546875,0.036683541647045646,3.406702995300293,8.36188292503357,dml_da
siren,1,0.6,all,24,1600,0.7803641557693481,0.7803641557693481,0.0,0,151.70045471191406,151.70045471191406,0.0,3.406702995300293,3.406702995300293,vanilla
siren,1,0.6,all,24,1600,0.7803641557693481,0.8187047243118286,0.047962809763601476,0,151.70045471191406,125.6391372680664,-0.1884940758428533,3.406702995300293,10.903740644454956,dml_train
siren,1,0.6,all,24,1600,0.7803641557693481,0.7772908806800842,-0.0039460329857680405,1,151.70045471191406,166.26809692382812,0.09169364349724538,3.406702995300293,8.36188292503357,dml_da
siren,1,0.8,interpolation,24,1600,0.226601243019104,0.226601243019104,0.0,0,102.56230163574219,102.56230163574219,0.0,3.406702995300293,3.406702995300293,vanilla
siren,1,0.8,interpolation,24,1600,0.226601243019104,0.1564140021800995,-0.3706854819904917,1,102.56230163574219,85.08078002929688,-0.18686927629032063,3.406702995300293,11.33935022354126,dml_train
siren,1,0.8,interpolation,24,1600,0.226601243019104,0.16967323422431946,-0.28931739837553216,1,102.56230163574219,100.53340148925781,-0.01998040935769827,3.406702995300293,11.071715831756592,dml_da
siren,1,0.8,near_extrap,24,1600,1.3369128704071045,1.3369128704071045,0.0,0,152.1515655517578,152.1515655517578,0.0,3.406702995300293,3.406702995300293,vanilla
siren,1,0.8,near_extrap,24,1600,1.3369128704071045,1.3585498332977295,0.01605470378733561,0,152.1515655517578,123.13170623779297,-0.2116226009036028,3.406702995300293,11.33935022354126,dml_train
siren,1,0.8,near_extrap,24,1600,1.3369128704071045,1.029497504234314,-0.2612923047810953,1,152.1515655517578,278.8776550292969,0.6058960073883521,3.406702995300293,11.071715831756592,dml_da
siren,1,0.8,far_extrap,24,1600,0.964023232460022,0.964023232460022,0.0,0,184.30885314941406,184.30885314941406,0.0,3.406702995300293,3.406702995300293,vanilla
siren,1,0.8,far_extrap,24,1600,0.964023232460022,1.0590497255325317,0.09401190529372312,0,184.30885314941406,173.8104705810547,-0.05864744412699541,3.406702995300293,11.33935022354126,dml_train
siren,1,0.8,far_extrap,24,1600,0.964023232460022,1.123918056488037,0.1534607299332473,0,184.30885314941406,197.58665466308594,0.06956434575895636,3.406702995300293,11.071715831756592,dml_da
siren,1,0.8,all,24,1600,0.7803641557693481,0.7803641557693481,0.0,0,151.70045471191406,151.70045471191406,0.0,3.406702995300293,3.406702995300293,vanilla
siren,1,0.8,all,24,1600,0.7803641557693481,0.8080878853797913,0.03491014453416739,0,151.70045471191406,135.78744506835938,-0.11081712457317859,3.406702995300293,11.33935022354126,dml_train
siren,1,0.8,all,24,1600,0.7803641557693481,0.7900996804237366,0.012398438146488855,0,151.70045471191406,178.7840576171875,0.16427081175755484,3.406702995300293,11.071715831756592,dml_da
siren,1,1.2,interpolation,24,1600,0.226601243019104,0.226601243019104,0.0,0,102.56230163574219,102.56230163574219,0.0,3.406702995300293,3.406702995300293,vanilla
siren,1,1.2,interpolation,24,1600,0.226601243019104,0.21408407390117645,-0.0568230275338232,1,102.56230163574219,117.83685302734375,0.13883063156046538,3.406702995300293,11.369657754898071,dml_train
siren,1,1.2,interpolation,24,1600,0.226601243019104,0.2353813201189041,0.038015003791983214,0,102.56230163574219,128.31796264648438,0.22404083209394376,3.406702995300293,8.444248914718628,dml_da
siren,1,1.2,near_extrap,24,1600,1.3369128704071045,1.3369128704071045,0.0,0,152.1515655517578,152.1515655517578,0.0,3.406702995300293,3.406702995300293,vanilla
siren,1,1.2,near_extrap,24,1600,1.3369128704071045,1.3548518419265747,0.013328978588251949,0,152.1515655517578,143.79171752929688,-0.05651131934406138,3.406702995300293,11.369657754898071,dml_train
siren,1,1.2,near_extrap,24,1600,1.3369128704071045,1.019136667251587,-0.27140726377535923,1,152.1515655517578,255.2103729248047,0.5172110310831493,3.406702995300293,8.444248914718628,dml_da
siren,1,1.2,far_extrap,24,1600,0.964023232460022,0.964023232460022,0.0,0,184.30885314941406,184.30885314941406,0.0,3.406702995300293,3.406702995300293,vanilla
siren,1,1.2,far_extrap,24,1600,0.964023232460022,1.0864359140396118,0.11954241971768409,0,184.30885314941406,182.90203857421875,-0.007662198968786523,3.406702995300293,11.369657754898071,dml_train
siren,1,1.2,far_extrap,24,1600,0.964023232460022,1.2092429399490356,0.2266343789319534,0,184.30885314941406,205.1337127685547,0.10704912377463814,3.406702995300293,8.444248914718628,dml_da
siren,1,1.2,all,24,1600,0.7803641557693481,0.7803641557693481,0.0,0,151.70045471191406,151.70045471191406,0.0,3.406702995300293,3.406702995300293,vanilla
siren,1,1.2,all,24,1600,0.7803641557693481,0.8403880000114441,0.0741030128613153,0,151.70045471191406,154.6952667236328,0.01954927683330021,3.406702995300293,11.369657754898071,dml_train
siren,1,1.2,all,24,1600,0.7803641557693481,0.8529380559921265,0.08892624874736707,0,151.70045471191406,187.8745880126953,0.21386677139912086,3.406702995300293,8.444248914718628,dml_da
siren,1,1.6,interpolation,24,1600,0.226601243019104,0.226601243019104,0.0,0,102.56230163574219,102.56230163574219,0.0,3.406702995300293,3.406702995300293,vanilla
siren,1,1.6,interpolation,24,1600,0.226601243019104,0.2884736955165863,0.2414120709723054,0,102.56230163574219,173.29164123535156,0.5245055278738466,3.406702995300293,10.6781005859375,dml_train
siren,1,1.6,interpolation,24,1600,0.226601243019104,0.2738063931465149,0.18922942817677507,0,102.56230163574219,217.1754913330078,0.7502353077596264,3.406702995300293,8.800824642181396,dml_da
siren,1,1.6,near_extrap,24,1600,1.3369128704071045,1.3369128704071045,0.0,0,152.1515655517578,152.1515655517578,0.0,3.406702995300293,3.406702995300293,vanilla
siren,1,1.6,near_extrap,24,1600,1.3369128704071045,1.5038671493530273,0.11767676206543624,0,152.1515655517578,156.7522430419922,0.02978932326990816,3.406702995300293,10.6781005859375,dml_train
siren,1,1.6,near_extrap,24,1600,1.3369128704071045,0.8519290089607239,-0.4506152064539735,1,152.1515655517578,303.4988098144531,0.6905005231394161,3.406702995300293,8.800824642181396,dml_da
siren,1,1.6,far_extrap,24,1600,0.964023232460022,0.964023232460022,0.0,0,184.30885314941406,184.30885314941406,0.0,3.406702995300293,3.406702995300293,vanilla
siren,1,1.6,far_extrap,24,1600,0.964023232460022,1.1338216066360474,0.16223376415815158,0,184.30885314941406,174.8596649169922,-0.05262916268611491,3.406702995300293,10.6781005859375,dml_train
siren,1,1.6,far_extrap,24,1600,0.964023232460022,1.2486029863357544,0.2586651999897369,0,184.30885314941406,218.13516235351562,0.16850198131380395,3.406702995300293,8.800824642181396,dml_da
siren,1,1.6,all,24,1600,0.7803641557693481,0.7803641557693481,0.0,0,151.70045471191406,151.70045471191406,0.0,3.406702995300293,3.406702995300293,vanilla
siren,1,1.6,all,24,1600,0.7803641557693481,0.9137131571769714,0.15775601268173717,0,151.70045471191406,171.319091796875,0.12161996773237574,3.406702995300293,10.6781005859375,dml_train
siren,1,1.6,all,24,1600,0.7803641557693481,0.8575583696365356,0.09432856916404832,0,151.70045471191406,232.0425567626953,0.4250129053745063,3.406702995300293,8.800824642181396,dml_da
siren,1,2.0,interpolation,24,1600,0.226601243019104,0.226601243019104,0.0,0,102.56230163574219,102.56230163574219,0.0,3.406702995300293,3.406702995300293,vanilla
siren,1,2.0,interpolation,24,1600,0.226601243019104,0.30706584453582764,0.30387036780556453,0,102.56230163574219,192.68914794921875,0.6306078232879505,3.406702995300293,10.94345498085022,dml_train
siren,1,2.0,interpolation,24,1600,0.226601243019104,0.3039419651031494,0.2936449448156661,0,102.56230163574219,206.3391571044922,0.6990507739136204,3.406702995300293,9.82885217666626,dml_da
siren,1,2.0,near_extrap,24,1600,1.3369128704071045,1.3369128704071045,0.0,0,152.1515655517578,152.1515655517578,0.0,3.406702995300293,3.406702995300293,vanilla
siren,1,2.0,near_extrap,24,1600,1.3369128704071045,1.4173740148544312,0.05844274624671602,0,152.1515655517578,174.40066528320312,0.13647816034634838,3.406702995300293,10.94345498085022,dml_train
siren,1,2.0,near_extrap,24,1600,1.3369128704071045,0.8549282550811768,-0.44710085376552117,1,152.1515655517578,421.8546142578125,1.0197835728814806,3.406702995300293,9.82885217666626,dml_da
siren,1,2.0,far_extrap,24,1600,0.964023232460022,0.964023232460022,0.0,0,184.30885314941406,184.30885314941406,0.0,3.406702995300293,3.406702995300293,vanilla
siren,1,2.0,far_extrap,24,1600,0.964023232460022,1.116149663925171,0.146524847027078,0,184.30885314941406,177.1835479736328,-0.0394267106758628,3.406702995300293,10.94345498085022,dml_train
siren,1,2.0,far_extrap,24,1600,0.964023232460022,1.1339919567108154,0.16238399703253042,0,184.30885314941406,181.5759735107422,-0.014938747186023801,3.406702995300293,9.82885217666626,dml_da
siren,1,2.0,all,24,1600,0.7803641557693481,0.7803641557693481,0.0,0,151.70045471191406,151.70045471191406,0.0,3.406702995300293,3.406702995300293,vanilla
siren,1,2.0,all,24,1600,0.7803641557693481,0.8966591358184814,0.1389151080706569,0,151.70045471191406,181.8882598876953,0.18148465807546402,3.406702995300293,10.94345498085022,dml_train
siren,1,2.0,all,24,1600,0.7803641557693481,0.810797929763794,0.03825818414281957,0,151.70045471191406,229.87680053710938,0.4156356317811672,3.406702995300293,9.82885217666626,dml_da
siren,1,2.5,interpolation,24,1600,0.226601243019104,0.226601243019104,0.0,0,102.56230163574219,102.56230163574219,0.0,3.406702995300293,3.406702995300293,vanilla
siren,1,2.5,interpolation,24,1600,0.226601243019104,0.3382256329059601,0.4005213916447933,0,102.56230163574219,229.13735961914062,0.8038512126295937,3.406702995300293,10.842456340789795,dml_train
siren,1,2.5,interpolation,24,1600,0.226601243019104,0.41082489490509033,0.5949752431529602,0,102.56230163574219,286.05877685546875,1.0257268684188043,3.406702995300293,9.272366285324097,dml_da
siren,1,2.5,near_extrap,24,1600,1.3369128704071045,1.3369128704071045,0.0,0,152.1515655517578,152.1515655517578,0.0,3.406702995300293,3.406702995300293,vanilla
siren,1,2.5,near_extrap,24,1600,1.3369128704071045,1.3446160554885864,0.005745383685325809,0,152.1515655517578,162.28030395507812,0.0644479455465528,3.406702995300293,10.842456340789795,dml_train
siren,1,2.5,near_extrap,24,1600,1.3369128704071045,0.7107025980949402,-0.6318643514850791,1,152.1515655517578,480.3886413574219,1.1497182799725227,3.406702995300293,9.272366285324097,dml_da
siren,1,2.5,far_extrap,24,1600,0.964023232460022,0.964023232460022,0.0,0,184.30885314941406,184.30885314941406,0.0,3.406702995300293,3.406702995300293,vanilla
siren,1,2.5,far_extrap,24,1600,0.964023232460022,1.0927199125289917,0.1253098052633495,0,184.30885314941406,177.19427490234375,-0.039366171172418966,3.406702995300293,10.842456340789795,dml_train
siren,1,2.5,far_extrap,24,1600,0.964023232460022,0.9820221066474915,0.018498425579659833,0,184.30885314941406,149.65318298339844,-0.20829239655323098,3.406702995300293,9.272366285324097,dml_da
siren,1,2.5,all,24,1600,0.7803641557693481,0.7803641557693481,0.0,0,151.70045471191406,151.70045471191406,0.0,3.406702995300293,3.406702995300293,vanilla
siren,1,2.5,all,24,1600,0.7803641557693481,0.8832045197486877,0.12379611587241189,0,151.70045471191406,192.02296447753906,0.2357070877375772,3.406702995300293,10.842456340789795,dml_train
siren,1,2.5,all,24,1600,0.7803641557693481,0.7464030981063843,-0.0444948768498547,1,151.70045471191406,250.24427795410156,0.5005296688238909,3.406702995300293,9.272366285324097,dml_da
siren,1,3.0,interpolation,24,1600,0.226601243019104,0.226601243019104,0.0,0,102.56230163574219,102.56230163574219,0.0,3.406702995300293,3.406702995300293,vanilla
siren,1,3.0,interpolation,24,1600,0.226601243019104,0.33051368594169617,0.3774562341427781,0,102.56230163574219,242.12857055664062,0.8589984336008831,3.406702995300293,9.826049089431763,dml_train
siren,1,3.0,interpolation,24,1600,0.226601243019104,0.45737290382385254,0.7023072061708193,0,102.56230163574219,346.27093505859375,1.2167510831701605,3.406702995300293,9.673492908477783,dml_da
siren,1,3.0,near_extrap,24,1600,1.3369128704071045,1.3369128704071045,0.0,0,152.1515655517578,152.1515655517578,0.0,3.406702995300293,3.406702995300293,vanilla
siren,1,3.0,near_extrap,24,1600,1.3369128704071045,1.2972979545593262,-0.030079523110542964,1,152.1515655517578,194.54632568359375,0.24579314720184575,3.406702995300293,9.826049089431763,dml_train
siren,1,3.0,near_extrap,24,1600,1.3369128704071045,0.8267539739608765,-0.48061124841916014,1,152.1515655517578,499.544189453125,1.188818895730704,3.406702995300293,9.673492908477783,dml_da
siren,1,3.0,far_extrap,24,1600,0.964023232460022,0.964023232460022,0.0,0,184.30885314941406,184.30885314941406,0.0,3.406702995300293,3.406702995300293,vanilla
siren,1,3.0,far_extrap,24,1600,0.964023232460022,1.1054519414901733,0.13689413277672988,0,184.30885314941406,188.60562133789062,0.023045275220410437,3.406702995300293,9.826049089431763,dml_train
siren,1,3.0,far_extrap,24,1600,0.964023232460022,1.0875414609909058,0.12055949290279955,0,184.30885314941406,194.19175720214844,0.05223320992137029,3.406702995300293,9.673492908477783,dml_da
siren,1,3.0,all,24,1600,0.7803641557693481,0.7803641557693481,0.0,0,151.70045471191406,151.70045471191406,0.0,3.406702995300293,3.406702995300293,vanilla
siren,1,3.0,all,24,1600,0.7803641557693481,0.8791135549545288,0.11915339875883961,0,151.70045471191406,207.4367218017578,0.31291845419846936,3.406702995300293,9.826049089431763,dml_train
siren,1,3.0,all,24,1600,0.7803641557693481,0.8340206742286682,0.06649751418810547,0,151.70045471191406,295.7768859863281,0.6676975227500247,3.406702995300293,9.673492908477783,dml_da
siren,3,0.0,interpolation,24,1600,0.6510987877845764,0.6510987877845764,0.0,0,216.46014404296875,216.46014404296875,0.0,5.014522314071655,5.014522314071655,vanilla
siren,3,0.0,interpolation,24,1600,0.6510987877845764,0.354091614484787,-0.6091057008140313,1,216.46014404296875,130.5248565673828,-0.5058427579092035,5.014522314071655,11.029126405715942,dml_train
siren,3,0.0,interpolation,24,1600,0.6510987877845764,0.38722723722457886,-0.5196496814448729,1,216.46014404296875,137.52020263671875,-0.45363560373444545,5.014522314071655,11.144614934921265,dml_da
siren,3,0.0,near_extrap,24,1600,1.486283540725708,1.486283540725708,0.0,0,201.54360961914062,201.54360961914062,0.0,5.014522314071655,5.014522314071655,vanilla
siren,3,0.0,near_extrap,24,1600,1.486283540725708,1.2113423347473145,-0.20454962384446465,1,201.54360961914062,185.7540283203125,-0.08158241273142518,5.014522314071655,11.029126405715942,dml_train
siren,3,0.0,near_extrap,24,1600,1.486283540725708,0.8310093879699707,-0.5813929231137946,1,201.54360961914062,116.21943664550781,-0.5505256835549877,5.014522314071655,11.144614934921265,dml_da
siren,3,0.0,far_extrap,24,1600,1.71991765499115,1.71991765499115,0.0,0,270.1376037597656,270.1376037597656,0.0,5.014522314071655,5.014522314071655,vanilla
siren,3,0.0,far_extrap,24,1600,1.71991765499115,1.452090859413147,-0.16927192487591602,1,270.1376037597656,229.08216857910156,-0.16485071877737142,5.014522314071655,11.029126405715942,dml_train
siren,3,0.0,far_extrap,24,1600,1.71991765499115,1.570288896560669,-0.09101680169362247,1,270.1376037597656,246.80401611328125,-0.09033690808580881,5.014522314071655,11.144614934921265,dml_da
siren,3,0.0,all,24,1600,1.324705719947815,1.324705719947815,0.0,0,240.81275939941406,240.81275939941406,0.0,5.014522314071655,5.014522314071655,vanilla
siren,3,0.0,all,24,1600,1.324705719947815,1.045966386795044,-0.23624910648693262,1,240.81275939941406,189.00839233398438,-0.2422282816126365,5.014522314071655,11.029126405715942,dml_train
siren,3,0.0,all,24,1600,1.324705719947815,1.0527217388153076,-0.2298113940239655,1,240.81275939941406,188.6119842529297,-0.24432778816071574,5.014522314071655,11.144614934921265,dml_da
siren,3,0.005,interpolation,24,1600,0.6510987877845764,0.6510987877845764,0.0,0,216.46014404296875,216.46014404296875,0.0,5.014522314071655,5.014522314071655,vanilla
siren,3,0.005,interpolation,24,1600,0.6510987877845764,0.35462313890457153,-0.6076057333958308,1,216.46014404296875,131.57992553710938,-0.49779197257096613,5.014522314071655,9.939291715621948,dml_train
siren,3,0.005,interpolation,24,1600,0.6510987877845764,0.38636234402656555,-0.5218857342029303,1,216.46014404296875,137.08999633789062,-0.4567688205805844,5.014522314071655,10.749990463256836,dml_da
siren,3,0.005,near_extrap,24,1600,1.486283540725708,1.486283540725708,0.0,0,201.54360961914062,201.54360961914062,0.0,5.014522314071655,5.014522314071655,vanilla
siren,3,0.005,near_extrap,24,1600,1.486283540725708,1.2271614074707031,-0.1915750326112147,1,201.54360961914062,183.98590087890625,-0.09114665386416042,5.014522314071655,9.939291715621948,dml_train
siren,3,0.005,near_extrap,24,1600,1.486283540725708,0.8270137906074524,-0.586212644754429,1,201.54360961914062,112.49323272705078,-0.5831127165812802,5.014522314071655,10.749990463256836,dml_da
siren,3,0.005,far_extrap,24,1600,1.71991765499115,1.71991765499115,0.0,0,270.1376037597656,270.1376037597656,0.0,5.014522314071655,5.014522314071655,vanilla
siren,3,0.005,far_extrap,24,1600,1.71991765499115,1.4451314210891724,-0.17407614839473384,1,270.1376037597656,228.1982879638672,-0.1687165376784596,5.014522314071655,9.939291715621948,dml_train
siren,3,0.005,far_extrap,24,1600,1.71991765499115,1.5714598894119263,-0.09027136150393553,1,270.1376037597656,246.61273193359375,-0.09111225343039793,5.014522314071655,10.749990463256836,dml_da
siren,3,0.005,all,24,1600,1.324705719947815,1.324705719947815,0.0,0,240.81275939941406,240.81275939941406,0.0,5.014522314071655,5.014522314071655,vanilla
siren,3,0.005,all,24,1600,1.324705719947815,1.0453002452850342,-0.23688617640649332,1,240.81275939941406,188.62344360351562,-0.24426703378960815,5.014522314071655,9.939291715621948,dml_train
siren,3,0.005,all,24,1600,1.324705719947815,1.052353024482727,-0.230161703991839,1,240.81275939941406,187.7519073486328,-0.24889824999659485,5.014522314071655,10.749990463256836,dml_da
siren,3,0.01,interpolation,24,1600,0.6510987877845764,0.6510987877845764,0.0,0,216.46014404296875,216.46014404296875,0.0,5.014522314071655,5.014522314071655,vanilla
siren,3,0.01,interpolation,24,1600,0.6510987877845764,0.35255351662635803,-0.6134589474995905,1,216.46014404296875,129.07266235351562,-0.5170309184745695,5.014522314071655,9.269181489944458,dml_train
siren,3,0.01,interpolation,24,1600,0.6510987877845764,0.3820284605026245,-0.5331662686801425,1,216.46014404296875,135.7855224609375,-0.46632983814523976,5.014522314071655,10.476594924926758,dml_da
siren,3,0.01,near_extrap,24,1600,1.486283540725708,1.486283540725708,0.0,0,201.54360961914062,201.54360961914062,0.0,5.014522314071655,5.014522314071655,vanilla
siren,3,0.01,near_extrap,24,1600,1.486283540725708,1.081328272819519,-0.3180885684286062,1,201.54360961914062,157.64564514160156,-0.2456560208560162,5.014522314071655,9.269181489944458,dml_train
siren,3,0.01,near_extrap,24,1600,1.486283540725708,0.8351211547851562,-0.5764572052249446,1,201.54360961914062,109.99365234375,-0.6055831247176783,5.014522314071655,10.476594924926758,dml_da
siren,3,0.01,far_extrap,24,1600,1.71991765499115,1.71991765499115,0.0,0,270.1376037597656,270.1376037597656,0.0,5.014522314071655,5.014522314071655,vanilla
siren,3,0.01,far_extrap,24,1600,1.71991765499115,1.460600733757019,-0.16342860210357696,1,270.1376037597656,229.32443237304688,-0.16379373654370766,5.014522314071655,9.269181489944458,dml_train
siren,3,0.01,far_extrap,24,1600,1.71991765499115,1.5624654293060303,-0.09601143753465957,1,270.1376037597656,245.69004821777344,-0.09486069781622665,5.014522314071655,10.476594924926758,dml_da
siren,3,0.01,all,24,1600,1.324705719947815,1.324705719947815,0.0,0,240.81275939941406,240.81275939941406,0.0,5.014522314071655,5.014522314071655,vanilla
siren,3,0.01,all,24,1600,1.324705719947815,1.028039574623108,-0.2535366736110666,1,240.81275939941406,183.96070861816406,-0.2692975048825962,5.014522314071655,9.269181489944458,dml_train
siren,3,0.01,all,24,1600,1.324705719947815,1.047762393951416,-0.23453349975371626,1,240.81275939941406,186.43914794921875,-0.25591479818304624,5.014522314071655,10.476594924926758,dml_da
siren,3,0.025,interpolation,24,1600,0.6510987877845764,0.6510987877845764,0.0,0,216.46014404296875,216.46014404296875,0.0,5.014522314071655,5.014522314071655,vanilla
siren,3,0.025,interpolation,24,1600,0.6510987877845764,0.34798264503479004,-0.6265087705037983,1,216.46014404296875,132.87989807128906,-0.48796074008385265,5.014522314071655,10.218186140060425,dml_train
siren,3,0.025,interpolation,24,1600,0.6510987877845764,0.37057530879974365,-0.5636046917465232,1,216.46014404296875,132.70513916015625,-0.4892767700694057,5.014522314071655,10.752386808395386,dml_da
siren,3,0.025,near_extrap,24,1600,1.486283540725708,1.486283540725708,0.0,0,201.54360961914062,201.54360961914062,0.0,5.014522314071655,5.014522314071655,vanilla
siren,3,0.025,near_extrap,24,1600,1.486283540725708,1.2151246070861816,-0.20143210731295527,1,201.54360961914062,184.3798370361328,-0.08900782135692767,5.014522314071655,10.218186140060425,dml_train
siren,3,0.025,near_extrap,24,1600,1.486283540725708,0.8205037117004395,-0.5941155808760369,1,201.54360961914062,111.02691650390625,-0.5962331199368124,5.014522314071655,10.752386808395386,dml_da
siren,3,0.025,far_extrap,24,1600,1.71991765499115,1.71991765499115,0.0,0,270.1376037597656,270.1376037597656,0.0,5.014522314071655,5.014522314071655,vanilla
siren,3,0.025,far_extrap,24,1600,1.71991765499115,1.460141658782959,-0.1637429570970286,1,270.1376037597656,229.17979431152344,-0.16442464922849181,5.014522314071655,10.218186140060425,dml_train
siren,3,0.025,far_extrap,24,1600,1.71991765499115,1.5607303380966187,-0.09712253752142619,1,270.1376037597656,247.61390686035156,-0.08706076685457761,5.014522314071655,10.752386808395386,dml_da
siren,3,0.025,all,24,1600,1.324705719947815,1.324705719947815,0.0,0,240.81275939941406,240.81275939941406,0.0,5.014522314071655,5.014522314071655,vanilla
siren,3,0.025,all,24,1600,1.324705719947815,1.0485857725143433,-0.23374796363100694,1,240.81275939941406,189.6131591796875,-0.23903370720130432,5.014522314071655,10.218186140060425,dml_train
siren,3,0.025,all,24,1600,1.324705719947815,1.0406408309936523,-0.24135362958031711,1,240.81275939941406,186.54647827148438,-0.25533927828263786,5.014522314071655,10.752386808395386,dml_da
siren,3,0.05,interpolation,24,1600,0.6510987877845764,0.6510987877845764,0.0,0,216.46014404296875,216.46014404296875,0.0,5.014522314071655,5.014522314071655,vanilla
siren,3,0.05,interpolation,24,1600,0.6510987877845764,0.33631661534309387,-0.6606083546061423,1,216.46014404296875,136.3548126220703,-0.4621460335550531,5.014522314071655,10.146209716796875,dml_train
siren,3,0.05,interpolation,24,1600,0.6510987877845764,0.36191561818122864,-0.5872502927379029,1,216.46014404296875,126.18521118164062,-0.5396556806403151,5.014522314071655,9.6677086353302,dml_da
siren,3,0.05,near_extrap,24,1600,1.486283540725708,1.486283540725708,0.0,0,201.54360961914062,201.54360961914062,0.0,5.014522314071655,5.014522314071655,vanilla
siren,3,0.05,near_extrap,24,1600,1.486283540725708,1.2504682540893555,-0.17276065168000085,1,201.54360961914062,191.5702362060547,-0.050751272801605324,5.014522314071655,10.146209716796875,dml_train
siren,3,0.05,near_extrap,24,1600,1.486283540725708,0.8039494156837463,-0.6144976637180967,1,201.54360961914062,110.49654388427734,-0.6010215394758256,5.014522314071655,9.6677086353302,dml_da
siren,3,0.05,far_extrap,24,1600,1.71991765499115,1.71991765499115,0.0,0,270.1376037597656,270.1376037597656,0.0,5.014522314071655,5.014522314071655,vanilla
siren,3,0.05,far_extrap,24,1600,1.71991765499115,1.4695231914520264,-0.1573384260559102,1,270.1376037597656,232.6218719482422,-0.14951720461350299,5.014522314071655,10.146209716796875,dml_train
siren,3,0.05,far_extrap,24,1600,1.71991765499115,1.5463669300079346,-0.1063681511383346,1,270.1376037597656,256.3543395996094,-0.05237084622581332,5.014522314071655,9.6677086353302,dml_da
siren,3,0.05,all,24,1600,1.324705719947815,1.324705719947815,0.0,0,240.81275939941406,240.81275939941406,0.0,5.014522314071655,5.014522314071655,vanilla
siren,3,0.05,all,24,1600,1.324705719947815,1.0552785396575928,-0.22738558590411254,1,240.81275939941406,193.69091796875,-0.21775601735615183,5.014522314071655,10.146209716796875,dml_train
siren,3,0.05,all,24,1600,1.324705719947815,1.0278136730194092,-0.25375643793993286,1,240.81275939941406,188.65499877929688,-0.24409975587330032,5.014522314071655,9.6677086353302,dml_da
siren,3,0.075,interpolation,24,1600,0.6510987877845764,0.6510987877845764,0.0,0,216.46014404296875,216.46014404296875,0.0,5.014522314071655,5.014522314071655,vanilla
siren,3,0.075,interpolation,24,1600,0.6510987877845764,0.33795028924942017,-0.6557625670048858,1,216.46014404296875,141.69882202148438,-0.4237026048395557,5.014522314071655,10.996808528900146,dml_train
siren,3,0.075,interpolation,24,1600,0.6510987877845764,0.3040468990802765,-0.7614794156473049,1,216.46014404296875,112.2992172241211,-0.6562395469947463,5.014522314071655,10.604825019836426,dml_da
siren,3,0.075,near_extrap,24,1600,1.486283540725708,1.486283540725708,0.0,0,201.54360961914062,201.54360961914062,0.0,5.014522314071655,5.014522314071655,vanilla
siren,3,0.075,near_extrap,24,1600,1.486283540725708,1.2663666009902954,-0.16012688007401163,1,201.54360961914062,191.1572723388672,-0.052909278266232034,5.014522314071655,10.996808528900146,dml_train
siren,3,0.075,near_extrap,24,1600,1.486283540725708,1.046912670135498,-0.35043321732248717,1,201.54360961914062,113.1811294555664,-0.5770163319287509,5.014522314071655,10.604825019836426,dml_da
siren,3,0.075,far_extrap,24,1600,1.71991765499115,1.71991765499115,0.0,0,270.1376037597656,270.1376037597656,0.0,5.014522314071655,5.014522314071655,vanilla
siren,3,0.075,far_extrap,24,1600,1.71991765499115,1.464422345161438,-0.16081555360733335,1,270.1376037597656,227.99790954589844,-0.1695950124748251,5.014522314071655,10.996808528900146,dml_train
siren,3,0.075,far_extrap,24,1600,1.71991765499115,1.4552133083343506,-0.16712392112976274,1,270.1376037597656,245.1991729736328,-0.09686064153699167,5.014522314071655,10.604825019836426,dml_da
siren,3,0.075,all,24,1600,1.324705719947815,1.324705719947815,0.0,0,240.81275939941406,240.81275939941406,0.0,5.014522314071655,5.014522314071655,vanilla
siren,3,0.075,all,24,1600,1.324705719947815,1.0559223890304565,-0.22677564927129343,1,240.81275939941406,193.0914306640625,-0.22085588883092871,5.014522314071655,10.996808528900146,dml_train
siren,3,0.075,all,24,1600,1.324705719947815,1.0034412145614624,-0.27775502948690195,1,240.81275939941406,178.89617919921875,-0.29721406647051596,5.014522314071655,10.604825019836426,dml_da
siren,3,0.1,interpolation,24,1600,0.6510987877845764,0.6510987877845764,0.0,0,216.46014404296875,216.46014404296875,0.0,5.014522314071655,5.014522314071655,vanilla
siren,3,0.1,interpolation,24,1600,0.6510987877845764,0.3481248617172241,-0.6261001649851583,1,216.46014404296875,150.50697326660156,-0.3633970212023198,5.014522314071655,10.668010473251343,dml_train
siren,3,0.1,interpolation,24,1600,0.6510987877845764,0.32366642355918884,-0.6989479499265393,1,216.46014404296875,125.51345825195312,-0.5449934484255053,5.014522314071655,9.099170207977295,dml_da
siren,3,0.1,near_extrap,24,1600,1.486283540725708,1.486283540725708,0.0,0,201.54360961914062,201.54360961914062,0.0,5.014522314071655,5.014522314071655,vanilla
siren,3,0.1,near_extrap,24,1600,1.486283540725708,1.3156505823135376,-0.12194745343093688,1,201.54360961914062,200.6385955810547,-0.004500525154774553,5.014522314071655,10.668010473251343,dml_train
siren,3,0.1,near_extrap,24,1600,1.486283540725708,0.9612277150154114,-0.435822677889402,1,201.54360961914062,102.13560485839844,-0.6797043931474646,5.014522314071655,9.099170207977295,dml_da
siren,3,0.1,far_extrap,24,1600,1.71991765499115,1.71991765499115,0.0,0,270.1376037597656,270.1376037597656,0.0,5.014522314071655,5.014522314071655,vanilla
siren,3,0.1,far_extrap,24,1600,1.71991765499115,1.4876296520233154,-0.14509239901074764,1,270.1376037597656,232.61048889160156,-0.14956613954409273,5.014522314071655,10.668010473251343,dml_train
siren,3,0.1,far_extrap,24,1600,1.71991765499115,1.45221745967865,-0.16918474386641313,1,270.1376037597656,247.44125366210938,-0.08775827783521228,5.014522314071655,9.099170207977295,dml_da
siren,3,0.1,all,24,1600,1.324705719947815,1.324705719947815,0.0,0,240.81275939941406,240.81275939941406,0.0,5.014522314071655,5.014522314071655,vanilla
siren,3,0.1,all,24,1600,1.324705719947815,1.0791314840316772,-0.20503380046153372,1,240.81275939941406,199.91400146484375,-0.1861324181710756,5.014522314071655,10.668010473251343,dml_train
siren,3,0.1,all,24,1600,1.324705719947815,0.994202196598053,-0.28700501252950517,1,240.81275939941406,182.58103942871094,-0.27682557344501885,5.014522314071655,9.099170207977295,dml_da
siren,3,0.15,interpolation,24,1600,0.6510987877845764,0.6510987877845764,0.0,0,216.46014404296875,216.46014404296875,0.0,5.014522314071655,5.014522314071655,vanilla
siren,3,0.15,interpolation,24,1600,0.6510987877845764,0.33363837003707886,-0.6686036964777328,1,216.46014404296875,141.42262268066406,-0.425653706980409,5.014522314071655,8.761682748794556,dml_train
siren,3,0.15,interpolation,24,1600,0.6510987877845764,0.3080349266529083,-0.7484482036767993,1,216.46014404296875,126.86166381835938,-0.5343092068055976,5.014522314071655,10.49390959739685,dml_da
siren,3,0.15,near_extrap,24,1600,1.486283540725708,1.486283540725708,0.0,0,201.54360961914062,201.54360961914062,0.0,5.014522314071655,5.014522314071655,vanilla
siren,3,0.15,near_extrap,24,1600,1.486283540725708,1.3533343076705933,-0.09370733122049424,1,201.54360961914062,228.3551025390625,0.12489610175758889,5.014522314071655,8.761682748794556,dml_train
siren,3,0.15,near_extrap,24,1600,1.486283540725708,0.9324220418930054,-0.46624846826547306,1,201.54360961914062,86.22321319580078,-0.8490663468479128,5.014522314071655,10.49390959739685,dml_da
siren,3,0.15,far_extrap,24,1600,1.71991765499115,1.71991765499115,0.0,0,270.1376037597656,270.1376037597656,0.0,5.014522314071655,5.014522314071655,vanilla
siren,3,0.15,far_extrap,24,1600,1.71991765499115,1.5189141035079956,-0.12428074071210636,1,270.1376037597656,232.46583557128906,-0.15018820227817917,5.014522314071655,8.761682748794556,dml_train
siren,3,0.15,far_extrap,24,1600,1.71991765499115,1.4502569437026978,-0.17053567138662198,1,270.1376037597656,251.08494567871094,-0.07314016185243738,5.014522314071655,10.49390959739685,dml_da
siren,3,0.15,all,24,1600,1.324705719947815,1.324705719947815,0.0,0,240.81275939941406,240.81275939941406,0.0,5.014522314071655,5.014522314071655,vanilla
siren,3,0.15,all,24,1600,1.324705719947815,1.096225619316101,-0.18931731223773698,1,240.81275939941406,201.43296813964844,-0.17856303784764507,5.014522314071655,8.761682748794556,dml_train
siren,3,0.15,all,24,1600,1.324705719947815,0.9832104444503784,-0.2981224344895242,1,240.81275939941406,182.2002410888672,-0.27891339153495986,5.014522314071655,10.49390959739685,dml_da
siren,3,0.2,interpolation,24,1600,0.6510987877845764,0.6510987877845764,0.0,0,216.46014404296875,216.46014404296875,0.0,5.014522314071655,5.014522314071655,vanilla
siren,3,0.2,interpolation,24,1600,0.6510987877845764,0.33960625529289246,-0.6508745045870775,1,216.46014404296875,148.60430908203125,-0.37611930859175013,5.014522314071655,9.551334381103516,dml_train
siren,3,0.2,interpolation,24,1600,0.6510987877845764,0.33117619156837463,-0.6760108438789689,1,216.46014404296875,144.09738159179688,-0.4069171062465383,5.014522314071655,9.932065725326538,dml_da
siren,3,0.2,near_extrap,24,1600,1.486283540725708,1.486283540725708,0.0,0,201.54360961914062,201.54360961914062,0.0,5.014522314071655,5.014522314071655,vanilla
siren,3,0.2,near_extrap,24,1600,1.486283540725708,1.343320608139038,-0.10113412172314407,1,201.54360961914062,233.70635986328125,0.14805967208778043,5.014522314071655,9.551334381103516,dml_train
siren,3,0.2,near_extrap,24,1600,1.486283540725708,0.9900733828544617,-0.40625495062454764,1,201.54360961914062,202.7469482421875,0.005952858176661577,5.014522314071655,9.932065725326538,dml_da
siren,3,0.2,far_extrap,24,1600,1.71991765499115,1.71991765499115,0.0,0,270.1376037597656,270.1376037597656,0.0,5.014522314071655,5.014522314071655,vanilla
siren,3,0.2,far_extrap,24,1600,1.71991765499115,1.5077860355377197,-0.13163404140340973,1,270.1376037597656,231.5948944091797,-0.15394177213841745,5.014522314071655,9.551334381103516,dml_train
siren,3,0.2,far_extrap,24,1600,1.71991765499115,1.5144455432891846,-0.12722702072608233,1,270.1376037597656,265.9416198730469,-0.015654662196650525,5.014522314071655,9.932065725326538,dml_da
siren,3,0.2,all,24,1600,1.324705719947815,1.324705719947815,0.0,0,240.81275939941406,240.81275939941406,0.0,5.014522314071655,5.014522314071655,vanilla
siren,3,0.2,all,24,1600,1.324705719947815,1.0909818410873413,-0.19411227418864332,1,240.81275939941406,204.2832794189453,-0.16451204437060193,5.014522314071655,9.551334381103516,dml_train
siren,3,0.2,all,24,1600,1.324705719947815,1.0326271057128906,-0.2490841935351963,1,240.81275939941406,214.79443359375,-0.11433825163906097,5.014522314071655,9.932065725326538,dml_da
siren,3,0.3,interpolation,24,1600,0.6510987877845764,0.6510987877845764,0.0,0,216.46014404296875,216.46014404296875,0.0,5.014522314071655,5.014522314071655,vanilla
siren,3,0.3,interpolation,24,1600,0.6510987877845764,0.3893643319606781,-0.5141458871324163,1,216.46014404296875,151.33404541015625,-0.3579168235995928,5.014522314071655,10.262078046798706,dml_train
siren,3,0.3,interpolation,24,1600,0.6510987877845764,0.35563361644744873,-0.6047603448317145,1,216.46014404296875,155.10545349121094,-0.33330120762119686,5.014522314071655,10.04192304611206,dml_da
siren,3,0.3,near_extrap,24,1600,1.486283540725708,1.486283540725708,0.0,0,201.54360961914062,201.54360961914062,0.0,5.014522314071655,5.014522314071655,vanilla
siren,3,0.3,near_extrap,24,1600,1.486283540725708,1.2879257202148438,-0.1432457807409097,1,201.54360961914062,246.1474151611328,0.19992482219796373,5.014522314071655,10.262078046798706,dml_train
siren,3,0.3,near_extrap,24,1600,1.486283540725708,1.1058441400527954,-0.29566976514430854,1,201.54360961914062,314.1983642578125,0.4440187368747713,5.014522314071655,10.04192304611206,dml_da
siren,3,0.3,far_extrap,24,1600,1.71991765499115,1.71991765499115,0.0,0,270.1376037597656,270.1376037597656,0.0,5.014522314071655,5.014522314071655,vanilla
siren,3,0.3,far_extrap,24,1600,1.71991765499115,1.4245706796646118,-0.1884059237750623,1,270.1376037597656,206.4085693359375,-0.2690739218828657,5.014522314071655,10.262078046798706,dml_train
siren,3,0.3,far_extrap,24,1600,1.71991765499115,1.421000361442566,-0.19091531120134747,1,270.1376037597656,275.0523986816406,0.01803014744762334,5.014522314071655,10.04192304611206,dml_da
siren,3,0.3,all,24,1600,1.324705719947815,1.324705719947815,0.0,0,240.81275939941406,240.81275939941406,0.0,5.014522314071655,5.014522314071655,vanilla
siren,3,0.3,all,24,1600,1.324705719947815,1.056727647781372,-0.2260133282281664,1,240.81275939941406,194.6735382080078,-0.21269570701911025,5.014522314071655,10.262078046798706,dml_train
siren,3,0.3,all,24,1600,1.324705719947815,1.0133520364761353,-0.26792665298963675,1,240.81275939941406,241.5944061279297,0.0032406127786443624,5.014522314071655,10.04192304611206,dml_da
siren,3,0.4,interpolation,24,1600,0.6510987877845764,0.6510987877845764,0.0,0,216.46014404296875,216.46014404296875,0.0,5.014522314071655,5.014522314071655,vanilla
siren,3,0.4,interpolation,24,1600,0.6510987877845764,0.37419819831848145,-0.5538757793721393,1,216.46014404296875,188.59814453125,-0.13778790628063764,5.014522314071655,11.348995923995972,dml_train
siren,3,0.4,interpolation,24,1600,0.6510987877845764,0.3184359669685364,-0.7152399692698618,1,216.46014404296875,152.8895721435547,-0.34769052820592894,5.014522314071655,10.503729104995728,dml_da
siren,3,0.4,near_extrap,24,1600,1.486283540725708,1.486283540725708,0.0,0,201.54360961914062,201.54360961914062,0.0,5.014522314071655,5.014522314071655,vanilla
siren,3,0.4,near_extrap,24,1600,1.486283540725708,1.3330062627792358,-0.10884199667488044,1,201.54360961914062,235.42457580566406,0.15538480669170818,5.014522314071655,11.348995923995972,dml_train
siren,3,0.4,near_extrap,24,1600,1.486283540725708,1.1638686656951904,-0.24452922333473318,1,201.54360961914062,290.7134704589844,0.36633236162032806,5.014522314071655,10.503729104995728,dml_da
siren,3,0.4,far_extrap,24,1600,1.71991765499115,1.71991765499115,0.0,0,270.1376037597656,270.1376037597656,0.0,5.014522314071655,5.014522314071655,vanilla
siren,3,0.4,far_extrap,24,1600,1.71991765499115,1.527734398841858,-0.11849056178624272,1,270.1376037597656,216.02362060546875,-0.22354371636856477,5.014522314071655,11.348995923995972,dml_train
siren,3,0.4,far_extrap,24,1600,1.71991765499115,1.4828659296035767,-0.14829976045775345,1,270.1376037597656,264.469970703125,-0.021203760189147203,5.014522314071655,10.503729104995728,dml_da
siren,3,0.4,all,24,1600,1.324705719947815,1.324705719947815,0.0,0,240.81275939941406,240.81275939941406,0.0,5.014522314071655,5.014522314071655,vanilla
siren,3,0.4,all,24,1600,1.324705719947815,1.1107676029205322,-0.1761390261308326,1,240.81275939941406,210.1152801513672,-0.13636336637038804,5.014522314071655,11.348995923995972,dml_train
siren,3,0.4,all,24,1600,1.324705719947815,1.0415563583374023,-0.24047424370136136,1,240.81275939941406,231.65042114257812,-0.03879026969654157,5.014522314071655,10.503729104995728,dml_da
siren,3,0.6,interpolation,24,1600,0.6510987877845764,0.6510987877845764,0.0,0,216.46014404296875,216.46014404296875,0.0,5.014522314071655,5.014522314071655,vanilla
siren,3,0.6,interpolation,24,1600,0.6510987877845764,0.4247405230998993,-0.4271829298548874,1,216.46014404296875,254.80007934570312,0.163072796786602,5.014522314071655,11.199378252029419,dml_train
siren,3,0.6,interpolation,24,1600,0.6510987877845764,0.4362463653087616,-0.40045423663354174,1,216.46014404296875,261.9801025390625,0.19086211805455544,5.014522314071655,10.423567295074463,dml_da
siren,3,0.6,near_extrap,24,1600,1.486283540725708,1.486283540725708,0.0,0,201.54360961914062,201.54360961914062,0.0,5.014522314071655,5.014522314071655,vanilla
siren,3,0.6,near_extrap,24,1600,1.486283540725708,1.260754108428955,-0.16456869543183122,1,201.54360961914062,189.341796875,-0.06245195202060881,5.014522314071655,11.199378252029419,dml_train
siren,3,0.6,near_extrap,24,1600,1.486283540725708,1.4361279010772705,-0.034328201857101795,1,201.54360961914062,603.5752563476562,1.0968649497144929,5.014522314071655,10.423567295074463,dml_da
siren,3,0.6,far_extrap,24,1600,1.71991765499115,1.71991765499115,0.0,0,270.1376037597656,270.1376037597656,0.0,5.014522314071655,5.014522314071655,vanilla
siren,3,0.6,far_extrap,24,1600,1.71991765499115,1.387993335723877,-0.21441735395275902,1,270.1376037597656,200.40252685546875,-0.2986034945384518,5.014522314071655,11.199378252029419,dml_train
siren,3,0.6,far_extrap,24,1600,1.71991765499115,1.3748325109481812,-0.22394450119460899,1,270.1376037597656,263.1472473144531,-0.026217721502710723,5.014522314071655,10.423567295074463,dml_da
siren,3,0.6,all,24,1600,1.324705719947815,1.324705719947815,0.0,0,240.81275939941406,240.81275939941406,0.0,5.014522314071655,5.014522314071655,vanilla
siren,3,0.6,all,24,1600,1.324705719947815,1.0457024574279785,-0.23650146896696397,1,240.81275939941406,216.6915740966797,-0.10554467458619893,5.014522314071655,11.199378252029419,dml_train
siren,3,0.6,all,24,1600,1.324705719947815,1.0721862316131592,-0.2114905655379808,1,240.81275939941406,319.4961853027344,0.2827256345917853,5.014522314071655,10.423567295074463,dml_da
siren,3,0.8,interpolation,24,1600,0.6510987877845764,0.6510987877845764,0.0,0,216.46014404296875,216.46014404296875,0.0,5.014522314071655,5.014522314071655,vanilla
siren,3,0.8,interpolation,24,1600,0.6510987877845764,0.5675241947174072,-0.13737799613497648,1,216.46014404296875,301.84002685546875,0.33249072631336574,5.014522314071655,10.34663200378418,dml_train
siren,3,0.8,interpolation,24,1600,0.6510987877845764,0.4095984399318695,-0.4634841134870491,1,216.46014404296875,294.5133056640625,0.30791774427894836,5.014522314071655,10.568583011627197,dml_da
siren,3,0.8,near_extrap,24,1600,1.486283540725708,1.486283540725708,0.0,0,201.54360961914062,201.54360961914062,0.0,5.014522314071655,5.014522314071655,vanilla
siren,3,0.8,near_extrap,24,1600,1.486283540725708,1.562991976737976,0.05032318206170053,0,201.54360961914062,267.2364501953125,0.28212806488124237,5.014522314071655,10.34663200378418,dml_train
siren,3,0.8,near_extrap,24,1600,1.486283540725708,1.4057095050811768,-0.05573657497322756,1,201.54360961914062,717.13525390625,1.2692586785723676,5.014522314071655,10.568583011627197,dml_da
siren,3,0.8,far_extrap,24,1600,1.71991765499115,1.71991765499115,0.0,0,270.1376037597656,270.1376037597656,0.0,5.014522314071655,5.014522314071655,vanilla
siren,3,0.8,far_extrap,24,1600,1.71991765499115,1.5555461645126343,-0.10044969951237663,1,270.1376037597656,219.84725952148438,-0.2059984423993046,5.014522314071655,10.34663200378418,dml_train
siren,3,0.8,far_extrap,24,1600,1.71991765499115,1.3919470310211182,-0.2115729059133133,1,270.1376037597656,348.8739013671875,0.2557790700497216,5.014522314071655,10.568583011627197,dml_da
siren,3,0.8,all,24,1600,1.324705719947815,1.324705719947815,0.0,0,240.81275939941406,240.81275939941406,0.0,5.014522314071655,5.014522314071655,vanilla
siren,3,0.8,all,24,1600,1.324705719947815,1.227446436882019,-0.07625439282501138,1,240.81275939941406,255.07638549804688,0.057543351704753075,5.014522314071655,10.34663200378418,dml_train
siren,3,0.8,all,24,1600,1.324705719947815,1.066791296005249,-0.2165349823009155,1,240.81275939941406,392.1305847167969,0.48757520902446194,5.014522314071655,10.568583011627197,dml_da
siren,3,1.2,interpolation,24,1600,0.6510987877845764,0.6510987877845764,0.0,0,216.46014404296875,216.46014404296875,0.0,5.014522314071655,5.014522314071655,vanilla
siren,3,1.2,interpolation,24,1600,0.6510987877845764,0.7368780374526978,0.12376101491134173,0,216.46014404296875,351.39312744140625,0.4844991795954351,5.014522314071655,10.625756025314331,dml_train
siren,3,1.2,interpolation,24,1600,0.6510987877845764,0.6089695692062378,-0.06689308044624147,1,216.46014404296875,422.9151306152344,0.66976508375738,5.014522314071655,11.069734573364258,dml_da
siren,3,1.2,near_extrap,24,1600,1.486283540725708,1.486283540725708,0.0,0,201.54360961914062,201.54360961914062,0.0,5.014522314071655,5.014522314071655,vanilla
siren,3,1.2,near_extrap,24,1600,1.486283540725708,1.7577511072158813,0.16775647588273745,0,201.54360961914062,353.41680908203125,0.5616423397746902,5.014522314071655,10.625756025314331,dml_train
siren,3,1.2,near_extrap,24,1600,1.486283540725708,1.5217337608337402,0.02357158083966091,0,201.54360961914062,1026.1522216796875,1.6275655960569235,5.014522314071655,11.069734573364258,dml_da
siren,3,1.2,far_extrap,24,1600,1.71991765499115,1.71991765499115,0.0,0,270.1376037597656,270.1376037597656,0.0,5.014522314071655,5.014522314071655,vanilla
siren,3,1.2,far_extrap,24,1600,1.71991765499115,1.7299076318740845,0.005791600429815338,0,270.1376037597656,233.3118438720703,-0.14655552828597831,5.014522314071655,10.625756025314331,dml_train
siren,3,1.2,far_extrap,24,1600,1.71991765499115,1.5530697107315063,-0.1020429837291458,1,270.1376037597656,332.32098388671875,0.20716984805509048,5.014522314071655,11.069734573364258,dml_da
siren,3,1.2,all,24,1600,1.324705719947815,1.324705719947815,0.0,0,240.81275939941406,240.81275939941406,0.0,5.014522314071655,5.014522314071655,vanilla
siren,3,1.2,all,24,1600,1.324705719947815,1.403538465499878,0.057806186666049426,0,240.81275939941406,292.6897888183594,0.1950936073504205,5.014522314071655,10.625756025314331,dml_train
siren,3,1.2,all,24,1600,1.324705719947815,1.2331470251083374,-0.07162087776986671,1,240.81275939941406,478.1575622558594,0.6859206067563954,5.014522314071655,11.069734573364258,dml_da
siren,3,1.6,interpolation,24,1600,0.6510987877845764,0.6510987877845764,0.0,0,216.46014404296875,216.46014404296875,0.0,5.014522314071655,5.014522314071655,vanilla
siren,3,1.6,interpolation,24,1600,0.6510987877845764,0.7753966450691223,0.1747133200725315,0,216.46014404296875,444.1670227050781,0.7187942306437701,5.014522314071655,10.849941730499268,dml_train
siren,3,1.6,interpolation,24,1600,0.6510987877845764,0.9605254530906677,0.3888191032466027,0,216.46014404296875,593.9187622070312,1.0093361077331586,5.014522314071655,9.960370779037476,dml_da
siren,3,1.6,near_extrap,24,1600,1.486283540725708,1.486283540725708,0.0,0,201.54360961914062,201.54360961914062,0.0,5.014522314071655,5.014522314071655,vanilla
siren,3,1.6,near_extrap,24,1600,1.486283540725708,1.735707402229309,0.15513631881015974,0,201.54360961914062,298.2427062988281,0.39190182280850944,5.014522314071655,10.849941730499268,dml_train
siren,3,1.6,near_extrap,24,1600,1.486283540725708,1.6660922765731812,0.1142021941905282,0,201.54360961914062,999.5995483398438,1.6013489642406704,5.014522314071655,9.960370779037476,dml_da
siren,3,1.6,far_extrap,24,1600,1.71991765499115,1.71991765499115,0.0,0,270.1376037597656,270.1376037597656,0.0,5.014522314071655,5.014522314071655,vanilla
siren,3,1.6,far_extrap,24,1600,1.71991765499115,1.6540578603744507,-0.03904483659598774,1,270.1376037597656,261.1375427246094,-0.033884220594110497,5.014522314071655,10.849941730499268,dml_train
siren,3,1.6,far_extrap,24,1600,1.71991765499115,1.6359405517578125,-0.05005851471019064,1,270.1376037597656,385.003662109375,0.3543213734860549,5.014522314071655,9.960370779037476,dml_da
siren,3,1.6,all,24,1600,1.324705719947815,1.324705719947815,0.0,0,240.81275939941406,240.81275939941406,0.0,5.014522314071655,5.014522314071655,vanilla
siren,3,1.6,all,24,1600,1.324705719947815,1.3747791051864624,0.03710273082118905,0,240.81275939941406,328.3315734863281,0.31000429297952636,5.014522314071655,10.849941730499268,dml_train
siren,3,1.6,all,24,1600,1.324705719947815,1.4158273935317993,0.06652375400000629,0,240.81275939941406,557.07470703125,0.8386796552975241,5.014522314071655,9.960370779037476,dml_da
siren,3,2.0,interpolation,24,1600,0.6510987877845764,0.6510987877845764,0.0,0,216.46014404296875,216.46014404296875,0.0,5.014522314071655,5.014522314071655,vanilla
siren,3,2.0,interpolation,24,1600,0.6510987877845764,0.7865543365478516,0.1890004281867959,0,216.46014404296875,533.4591674804688,0.9019760924411908,5.014522314071655,9.48396635055542,dml_train
siren,3,2.0,interpolation,24,1600,0.6510987877845764,0.9774261713027954,0.4062613824831407,0,216.46014404296875,580.4891967773438,0.986464752446877,5.014522314071655,9.32644271850586,dml_da
siren,3,2.0,near_extrap,24,1600,1.486283540725708,1.486283540725708,0.0,0,201.54360961914062,201.54360961914062,0.0,5.014522314071655,5.014522314071655,vanilla
siren,3,2.0,near_extrap,24,1600,1.486283540725708,1.707303524017334,0.1386365032614501,0,201.54360961914062,257.6943054199219,0.24576823682420992,5.014522314071655,9.48396635055542,dml_train
siren,3,2.0,near_extrap,24,1600,1.486283540725708,1.4710469245910645,-0.010304395218911308,1,201.54360961914062,1050.754638671875,1.651258105625781,5.014522314071655,9.32644271850586,dml_da
siren,3,2.0,far_extrap,24,1600,1.71991765499115,1.71991765499115,0.0,0,270.1376037597656,270.1376037597656,0.0,5.014522314071655,5.014522314071655,vanilla
siren,3,2.0,far_extrap,24,1600,1.71991765499115,1.7482824325561523,0.016357424196262266,0,270.1376037597656,252.1084442138672,-0.0690721436026559,5.014522314071655,9.48396635055542,dml_train
siren,3,2.0,far_extrap,24,1600,1.71991765499115,1.6486735343933105,-0.04230536862699956,1,270.1376037597656,313.5874328613281,0.14914674116035373,5.014522314071655,9.32644271850586,dml_da
siren,3,2.0,all,24,1600,1.324705719947815,1.324705719947815,0.0,0,240.81275939941406,240.81275939941406,0.0,5.014522314071655,5.014522314071655,vanilla
siren,3,2.0,all,24,1600,1.324705719947815,1.4208766222000122,0.07008368409680793,0,240.81275939941406,346.8229675292969,0.36479477015993095,5.014522314071655,9.48396635055542,dml_train
siren,3,2.0,all,24,1600,1.324705719947815,1.3953200578689575,0.051933484503776474,0,240.81275939941406,525.4159545898438,0.7801705437789289,5.014522314071655,9.32644271850586,dml_da
siren,3,2.5,interpolation,24,1600,0.6510987877845764,0.6510987877845764,0.0,0,216.46014404296875,216.46014404296875,0.0,5.014522314071655,5.014522314071655,vanilla
siren,3,2.5,interpolation,24,1600,0.6510987877845764,0.950123131275177,0.3779302096192919,0,216.46014404296875,622.4874877929688,1.0563170898906662,5.014522314071655,10.473222017288208,dml_train
siren,3,2.5,interpolation,24,1600,0.6510987877845764,0.9177369475364685,0.34324942158777727,0,216.46014404296875,547.096435546875,0.927218647556727,5.014522314071655,10.179998874664307,dml_da
siren,3,2.5,near_extrap,24,1600,1.486283540725708,1.486283540725708,0.0,0,201.54360961914062,201.54360961914062,0.0,5.014522314071655,5.014522314071655,vanilla
siren,3,2.5,near_extrap,24,1600,1.486283540725708,1.7371280193328857,0.15595444982437126,0,201.54360961914062,275.8960266113281,0.314018296686683,5.014522314071655,10.473222017288208,dml_train
siren,3,2.5,near_extrap,24,1600,1.486283540725708,1.703128695487976,0.1361882325755133,0,201.54360961914062,925.071533203125,1.5238652848358034,5.014522314071655,10.179998874664307,dml_da
siren,3,2.5,far_extrap,24,1600,1.71991765499115,1.71991765499115,0.0,0,270.1376037597656,270.1376037597656,0.0,5.014522314071655,5.014522314071655,vanilla
siren,3,2.5,far_extrap,24,1600,1.71991765499115,1.669473648071289,-0.029768018721049245,1,270.1376037597656,248.26864624023438,-0.08442006188819136,5.014522314071655,10.473222017288208,dml_train
siren,3,2.5,far_extrap,24,1600,1.71991765499115,1.746004581451416,0.015053666709679297,0,270.1376037597656,330.462646484375,0.2015621589481604,5.014522314071655,10.179998874664307,dml_da
siren,3,2.5,all,24,1600,1.324705719947815,1.324705719947815,0.0,0,240.81275939941406,240.81275939941406,0.0,5.014522314071655,5.014522314071655,vanilla
siren,3,2.5,all,24,1600,1.324705719947815,1.4409658908843994,0.08412330967106703,0,240.81275939941406,377.6128234863281,0.44984969462877683,5.014522314071655,10.473222017288208,dml_train
siren,3,2.5,all,24,1600,1.324705719947815,1.4627695083618164,0.09914122575015326,0,240.81275939941406,501.7754211425781,0.7341329517808549,5.014522314071655,10.179998874664307,dml_da
siren,3,3.0,interpolation,24,1600,0.6510987877845764,0.6510987877845764,0.0,0,216.46014404296875,216.46014404296875,0.0,5.014522314071655,5.014522314071655,vanilla
siren,3,3.0,interpolation,24,1600,0.6510987877845764,0.9826061725616455,0.41154702313592345,0,216.46014404296875,835.91015625,1.351114700393843,5.014522314071655,10.678707361221313,dml_train
siren,3,3.0,interpolation,24,1600,0.6510987877845764,1.06083083152771,0.488146304975718,0,216.46014404296875,706.036865234375,1.1822610148606203,5.014522314071655,9.877375602722168,dml_da
siren,3,3.0,near_extrap,24,1600,1.486283540725708,1.486283540725708,0.0,0,201.54360961914062,201.54360961914062,0.0,5.014522314071655,5.014522314071655,vanilla
siren,3,3.0,near_extrap,24,1600,1.486283540725708,1.750920057296753,0.16386266068618513,0,201.54360961914062,345.5084228515625,0.5390112387624418,5.014522314071655,10.678707361221313,dml_train
siren,3,3.0,near_extrap,24,1600,1.486283540725708,1.9139869213104248,0.2529097237168625,0,201.54360961914062,1064.117919921875,1.6638957078758434,5.014522314071655,9.877375602722168,dml_da
siren,3,3.0,far_extrap,24,1600,1.71991765499115,1.71991765499115,0.0,0,270.1376037597656,270.1376037597656,0.0,5.014522314071655,5.014522314071655,vanilla
siren,3,3.0,far_extrap,24,1600,1.71991765499115,1.7827367782592773,0.03587328473843039,0,270.1376037597656,267.1756896972656,-0.011025016877396163,5.014522314071655,10.678707361221313,dml_train
siren,3,3.0,far_extrap,24,1600,1.71991765499115,1.7386146783828735,0.01081221959817548,0,270.1376037597656,319.1036071777344,0.1665843647149609,5.014522314071655,9.877375602722168,dml_da
siren,3,3.0,all,24,1600,1.324705719947815,1.324705719947815,0.0,0,240.81275939941406,240.81275939941406,0.0,5.014522314071655,5.014522314071655,vanilla
siren,3,3.0,all,24,1600,1.324705719947815,1.5107238292694092,0.13139855648581908,0,240.81275939941406,469.80926513671875,0.6683070939093306,5.014522314071655,10.678707361221313,dml_train
siren,3,3.0,all,24,1600,1.324705719947815,1.5419155359268188,0.15183516135920874,0,240.81275939941406,572.2504272460938,0.8655570058698424,5.014522314071655,9.877375602722168,dml_da
